question,reponse,score,profile_type,commentaire-questions,commentaire-reponses,ordre
Comment commencer la recherche de nouvelles sources de données pertinentes ?,Par l'exploration de répertoires en ligne et de bases de données publiques,,Data Hunter,,,
Comment commencer la recherche de nouvelles sources de données pertinentes ?,En identifiant les besoins en données de l'entreprise,,Data Hunter,,,
Comment commencer la recherche de nouvelles sources de données pertinentes ?,En consultant les bases de données internes de l'entreprise,,Data Hunter,,,
Comment commencer la recherche de nouvelles sources de données pertinentes ?,Je ne sais pas faire de recherche d'information,,Data Hunter,,,
Qu'est-ce qu'une source de données non structurée?,Forums en ligne et réseaux sociaux,,Data Hunter,,,
Qu'est-ce qu'une source de données non structurée?,Forums en ligne et réseaux sociaux,,Data Hunter,,,
Qu'est-ce qu'une source de données non structurée?,Bases de données noSQL,,Data Hunter,,,
Qu'est-ce qu'une source de données non structurée?,Bases de données SQL,,Data Hunter,,,
Quels outils utiliseriez-vous ou connaissez-vous pour extraire des données à partir de sites web non structurés ?,Beautiful Soup et/ou Scrapy,,Data Hunter,,,
Quels outils utiliseriez-vous ou connaissez-vous pour extraire des données à partir de sites web non structurés ?,Selenium et/ou Puppeteer,,Data Hunter,,,
Quels outils utiliseriez-vous ou connaissez-vous pour extraire des données à partir de sites web non structurés ?,Google Sheets et/ou Excel,,Data Hunter,,,
Quels outils utiliseriez-vous ou connaissez-vous pour extraire des données à partir de sites web non structurés ?,Audacity et/ou Photoshop,,Data Hunter,,,
Êtes-vous capable d'évaluer la fiabilité et la pertinence d'une nouvelle source de données ?,"Oui, je connais l'exactitude des données en les croisant avec des informations vérifiées",,Data Hunter,,,
Êtes-vous capable d'évaluer la fiabilité et la pertinence d'une nouvelle source de données ?,"Oui, je sais analyser la source, la fraîcheur et la cohérence des données collectées",,Data Hunter,,,
Êtes-vous capable d'évaluer la fiabilité et la pertinence d'une nouvelle source de données ?,Je me base sur des recommandations générales pour évaluer les sources,,Data Hunter,,,
Êtes-vous capable d'évaluer la fiabilité et la pertinence d'une nouvelle source de données ?,Je m'en remets à des vérifications superficielles des sources,,Data Hunter,,,
Pouvez-vous intégrer des données provenant de diverses sources dans un format unifié pour l'analyse ?,"Oui, je sais appliquer des techniques de data matching",,Data Hunter,,,
Pouvez-vous intégrer des données provenant de diverses sources dans un format unifié pour l'analyse ?,"Oui, je sais utiliser des outils ETL pour nettoyer et transformer les données",,Data Hunter,,,
Pouvez-vous intégrer des données provenant de diverses sources dans un format unifié pour l'analyse ?,Je compile manuellement les données dans des tableaux Excel,,Data Hunter,,,
Pouvez-vous intégrer des données provenant de diverses sources dans un format unifié pour l'analyse ?,"Non, je ne sais pas faire",,Data Hunter,,,
Comment procédez-vous pour anticiper la fiabilité future des sources de données utilisées actuellement ?,Je réalise des analyses prédictives basées sur l'historique de fiabilité des sources,,Data Hunter,,,
Comment procédez-vous pour anticiper la fiabilité future des sources de données utilisées actuellement ?,J'effectue des vérifications manuelles périodiques pour évaluer la continuité des sources,,Data Hunter,,,
Comment procédez-vous pour anticiper la fiabilité future des sources de données utilisées actuellement ?,Je surveille les avis en ligne et les forums pour détecter des tendances,,Data Hunter,,,
Comment procédez-vous pour anticiper la fiabilité future des sources de données utilisées actuellement ?,Je ne sais pas faire,,Data Hunter,,,
Quelles stratégies utilisez-vous pour maximiser l'impact des données collectées sur la prise de décision stratégique,J'alignerai la collecte des données sur les objectifs stratégiques de l'entreprise pour assurer leur pertinence,,Data Hunter,,,
Quelles stratégies utilisez-vous pour maximiser l'impact des données collectées sur la prise de décision stratégique,Je collectionne autant de données que possible sans focaliser sur leur impact stratégique,,Data Hunter,,,
Quelles stratégies utilisez-vous pour maximiser l'impact des données collectées sur la prise de décision stratégique,Je partage périodiquement des rapports basés sur les données,,Data Hunter,,,
Quelles stratégies utilisez-vous pour maximiser l'impact des données collectées sur la prise de décision stratégique,Je ne sais pas faire,,Data Hunter,,,
Quelles méthodes appliquez-vous pour assurer la confidentialité et la sécurité des données sensibles lors de la collecte et du traitement des données ?,"J'emploie des protocoles de chiffrement, de pseudonymisation des données, et je respecte scrupuleusement les normes de conformité comme le GDPR pour protéger les informations sensibles",,Data Hunter,,,
Quelles méthodes appliquez-vous pour assurer la confidentialité et la sécurité des données sensibles lors de la collecte et du traitement des données ?,"J'utilise des mots de passe forts pour tous mes fichiers de données, et je fais attention aux diverses attaques possible comme le pishing",,Data Hunter,,,
Quelles méthodes appliquez-vous pour assurer la confidentialité et la sécurité des données sensibles lors de la collecte et du traitement des données ?,Je stocke toutes les données collectées sur mon ordinateur personnel pour un accès facile et sécurisé,,Data Hunter,,,
Quelles méthodes appliquez-vous pour assurer la confidentialité et la sécurité des données sensibles lors de la collecte et du traitement des données ?,Je ne sais rien faire de tout ça,,Data Hunter,,,